address,address_detail,area,money,title
长风商务区,南屯北小区,2室                    91.48O,2000元/月,整租 | 长风西街万象城旁南屯小区两室两厅落地窗采光好家里干净
桥东街,人民银行宿舍,主卧(3室)                    45O,799元/月,合租 | 无中介 可月付 可短租 桥东街 五一广场 太原火车站
迎泽西大街,中景花园,主卧(3室)                    30O,560元/月,合租 | 无中介 可月付 下元 国际能源中心 中海 理工大 信
和平南路,西部丽景,2室                    83.67O,1600元/月,整租 | 新上实拍！和平南路漫香堤西部丽景朝南两居拎包 停车便
兴华街,丰庆苑,2室                    101O,1100元/月,整租 | 北中环 和平北路 丰庆苑 精装修 手次出租 看房方便
体育路,世纪花苑北区,2室                    100O,2400元/月,整租 | 两部空调 看房方便 体育路 坞城世纪花苑北区精装两居
王村南街,华康小区,3室                    160.00O,2750元/月,整租 | 新房首租 平阳路亲贤街精装大三居 平阳景苑 新康隆
水西关,山西省人大机关宿舍院,2室                    60.00O,2100元/月,整租 | 迎泽大街新建路水西关南街新西小学三十中附近中装2居拎
大营盘,华润昆仑御,1室                    50O,2500元/月,整租 | 新上 南内环 并州路 阳光 恒地 财富 大营盘 昆仑
滨河东路,星河湾1号园,4室                    330O,20000元/月,整租 | 办公 会所！星河湾 330平 豪华装修 私密 好停车
迎泽大街,团校宿舍(青年路19号),3室                    75O,1666元/月,整租 | 可租半年团校宿舍青年路五中湖滨丽景并州路柳巷省中医院
王村南街,中国移动宿舍,3室                    105O,2500元/月,整租 | 首租 南内环平阳路 36中 西一巷 老军营 精装三居
迎泽西大街,文兴苑(万柏林),1室                    55O,1333元/月,整租 | 无隔断标准一室一厅，理工大，中海，信达国际，下元，国
千峰南路,欢乐颂,2室                    100O,2500元/月,整租 | 实拍！精装修复式两居两卫 南内环 万水澜庭 来福花园
晋阳街,云水世纪明珠,2室                    133.94O,2788元/月,整租 | 北美N1 恒大华府 空家办公 裕丰花园 龙海方舟 晋
千峰南路,长风观园一期,1室                    45O,899元/月,整租 | 好房出租可月付千峰南路美好生活广场附近网红风一居室拎
许坦西街,坞城世纪花苑南区,2室                    74.0O,2000元/月,整租 | 首I出租 业主自住 坞城世纪南区2居 低楼层 业主诚
晋阳街,恒大天宸,3室                    210.09O,5500元/月,整租 | 恒大天宸大宽长厅1层毛坯出租户型方正宽大
长风商务区,融创太原府,3室                    125.58O,2999元/月,整租 | 实拍实价！办公优先 长风西街 融创太原府 精装三居
西客站,南寒圣都,2室                    90O,1250元/月,整租 | 西客站迎泽西大街南寒圣都两室一厅，家具家电齐全拎包入
滨河东路,银海水韵,3室                    133.0O,3000元/月,整租 | 银海水韵小区，靠近滨河东路，交通便利
真武路,恒大绿洲西区,2室                    90O,1800元/月,整租 | 康宁家园万马仕美都汇百亩会富士康新力惠中学中铁十七局
小井峪,华峪东区,2室                    98.35O,1500元/月,整租 | 下元华峪 精装两居 中间楼层 视野宽阔 干净整洁 生
动物园,富力城玖院,2室                    88O,1500元/月,整租 | 东中环 北中环 十二中国樾校区 师院附 拎包入住 可
昌盛街,阳光揽胜,1室                    40O,900元/月,整租 | 实拍可月付短租 正阳街地铁口育才小学疾病预防控制中心
滨河西路,万水澜庭(1号园),2室                    98O,2000元/月,整租 | 可月付 南内环绿地中心 中医学院 万水澜庭精装拎包两
许坦东街,怡然家园,2室                    88.12O,1800元/月,整租 | 许东 龙堡街九一常青藤 新时代双语 太原南站 富力金
和平南路,纺织苑,2室                    70.00O,1700元/月,整租 | 纺织苑精装两居室 拎包入住 随时看房 尔湾医院
双塔西街,职工医学院宿舍,3室                    90O,1666元/月,整租 | 月付双塔东西省人民医院肛肠医院医药公司职工医学院精装
义井,兰亭荟(商住楼),1室                    40O,999元/月,整租 | 可月付可短租华润万象城亚特兰蒂斯 南屯为民服务中心
千峰南路,众纺路4号院,3室                    60.0O,1000元/月,整租 | 可月付 众纺路四号院 精装南北三居拎包 免费宽带 千
三给路,富力天禧城B区,3室                    126.78O,1800元/月,整租 | 文兴路 富力天禧城 第三实验小学 精装修 三居室 看
长风商务区,晋阳峰Z,3室                    123.42O,2200元/月,整租 | 长兴南街新晋祠路华润大厦万象城政务大厅附近晋阳峰景三
长风商务区,晋阳峰Z,3室                    144.35O,3000元/月,整租 | 万象城 大三居 晋阳峰Z 随时看房 拎包入住
汾东北路,浦东经典家园,1室                    33.00O,900元/月,整租 | 可月付 陪读小店一中 家具家电齐全带空调 挨汾河 停
亲贤,昌盛双喜城,3室                    188.06O,5500元/月,整租 | 可办公可当会所可开店亲贤街并州路昌盛双喜城精装三居停
太榆路,龙园小区,1室                    40O,650元/月,整租 | 东中环长风东街万科常青藤紫台金禧大厦亲海国际龙鼎花园
长风西大街,万国城MOMA,3室                    193.48O,6666元/月,整租 | 长风西街 万国城物业租售 190平简装3居 适合办公
滨河东路,长风小区,主卧(3室)                    50O,599元/月,合租 | 无中介 可月付 亲贤街 平阳景苑 和信商座 顶好时尚
义井,逍邦ArtLife,1室                    48.87O,1450元/月,整租 | 可月付 有燃气 带空调市妇幼 长风西街 国投 逍邦
长风西大街,丽华苑,4室                    180O,4999元/月,整租 | 丽华苑精装大平层湖景房可办公华润大厦万国城长风商务区
晋阳湖,山投沿湖城,2室                    98.07O,1500元/月,整租 | 可月付 南中环 清控两室一厅 网红装修家电齐全
晋祠路,磷肥厂宿舍,2室                    63.00O,1100元/月,整租 | 实拍！长风街和平南路义井小吃街实验小学 磷肥宿舍南北
平阳,鹏程佳园,2室                    88.70O,2500元/月,整租 | 业主自住首租 平阳路南内环 鹏程佳园 精装两居拎包
西宫,博林文苑,3室                    111.72O,1500元/月,整租 | 和平北路 兴华街 六十一中对面 博林文苑 三室一厅
真武路,晋阳紫城,2室                    100O,1450元/月,整租 | 地铁房 恒大绿洲 手次出租 采光好 户型方正 暖气好
亲贤,卫生局宿舍,1室                    53.18O,1450元/月,整租 | 茂业 王府井 体育路 亲贤街附近精装一室一厅拎包入住
真武路,康宁雅苑,2室                    92.00O,1350元/月,整租 | 康宁街 地铁口 康宁雅苑南北两居 康宁大厦 可月付
晋阳街,恒大悦府,3室                    209.79O,10000元/月,整租 | 付款灵活实图实价7.3大梗厅可按需求配置可办公可家住
体育路,龙海方舟,1室                    55O,1000元/月,整租 | 免押金短租月付奥斯卡白求恩茂业王府井北美火炬大厦国金
迎泽西大街,海唐广场,1室                    27O,800元/月,整租 | 整租独门独户居然之家创客大厦公园时代城金昌盛西客站附
北宫,恒大名都,3室                    136.45O,2500元/月,整租 | 恒大名都 3室2厅1卫 南北通透 精装修 电梯房
西客站,华润置地公元九里,2室                    88O,1666元/月,整租 | 出租公园九里 万达西岸 华侨城 中铁诺德 龙湖天矩精
滨河东路,馨和佳苑小区,2室                    90O,1000元/月,整租 | 实图可月付工商学院地铁口长治路龙城大街白求恩文旅大厦
晋阳湖,怡佳天一城,3室                    127.75O,3999元/月,整租 | 精装朝三居室 恒氧恒温恒室 拎包入住 万科中央公园
晋阳街,云水世纪明珠,1室                    50O,1100元/月,整租 | 可月付 晋阳街北美N1云水世纪龙海方舟裕丰花园北张君
东社,万科金域华府,3室                    99.06O,1900元/月,整租 | 西中环科技大学旁 万科 精装三居 南北通透全明户型
平阳,平阳景苑,1室                    70O,1200元/月,整租 | 可月付可短租南中环平阳景苑红和谷春天时代广场茂业王府
高新区,河畔领寓,1室                    45O,1500元/月,整租 | 新上 实中对面 精装一居 付款灵活 看房方便 晋阳街
迎泽西大街,海唐广场,1室                    65O,999元/月,整租 | 直租无中介 可月付 海唐广场 创客大厦 金昌盛 下元
小东门,绿缘小区,3室                    135O,2600元/月,整租 | 绿缘小区 3室2厅2卫 南北通透 电梯房 135平
兴华街,兴华北小区,3室                    92O,1000元/月,整租 | 兴华街 兴华北小区 千峰北路 山姆士超市 兴华二校
长风西大街,万国城MOMA,3室                    190O,6666元/月,整租 | 万国城物业租售 190平精装3居 办公自住均可 家具
亲贤,君泰风尚国际,2室                    100.0O,3499元/月,整租 | 可月付实图实价不引流王府井迈阿密新康隆缪斯茂业王村泰
南中环,国际大都会,2室                    89.00O,1900元/月,整租 | 南中环街体育路 国际大都会高层两居室 长治路 国金北
老军营,南城开发公司家属院,2室                    60.00O,1150元/月,整租 | 双塔西街 省二院 双西小学 医科大 新视界 家电家具
晋阳街,恒大御府,4室                    148O,4000元/月,整租 | 商务接待会所居住办公北美N1晋阳街宏安大都会君威火炬
小井峪,华侨城天鹅堡,3室                    106.27O,1800元/月,整租 | 长风街 西中环 光华实验小学 华侨城 精装三居 全家
大东关,北晨明苑,2室                    92O,1300元/月,整租 | 性价比高，大东关消防队对面，北晨名苑，复式楼，温馨两
并州南路,唐槐苑,1室                    50O,750元/月,整租 | 急租可月付唐槐苑火车站服装城柳巷茂业王府井唐槐公园
太榆路,龙园小区,1室                    40O,800元/月,整租 | 可月付东中环肉联厂亲海国际华晋大厦金禧大厦万科
迎泽西大街,文兴苑(万柏林),2室                    98.58O,1666元/月,整租 | 迎泽桥西文兴苑 理工大旁 可办公 可做宿舍
服装城,龙鼎花园福民苑,1室                    40O,1000元/月,整租 | 实图实价龙鼎花园 城市之光 龙堡小区 福民苑龙堡绿洲
学府街,碧水兰亭,2室                    65.90O,2400元/月,整租 | 灵活 紧挨华宇百花谷 华宇绿洲 实图实价 有钥匙 学
长风商务区,南屯北小区,2室                    91.48O,2000元/月,整租 | 长风西街万象城旁南屯小区两室两厅落地窗采光好家里干净
龙城大街,首开国风琅樾,3室                    128.52O,2500元/月,整租 | 首开国风琅樾 128平 全屋中央空调 龙城公园 长治
下元,公元时代城,1室                    59.82O,1800元/月,整租 | 下元公交总站公元时代城 1室1厅 办公空家 电梯房
长治,阳光银座,1室                    56.37O,2300元/月,整租 | 长治路 长风街 阳光银座 北美新天地 居然之家 世贸
迎新街,红楼宿舍,2室                    73.0O,900元/月,整租 | 太钢总医院 ，太钢北门，迎新街小学。11中，大同路
体育路,首开国风上观,3室                    140O,3000元/月,整租 | 首开国风上观 龙城公园旁近地铁 长治路可办公 可居住
晋阳湖,绿地世纪城,1室                    78O,1300元/月,整租 | 绿地世纪城南中环桥西亚特兰蒂斯万象城清控创新基地晋阳
三墙路,东大盛世华庭,3室                    110.04O,2300元/月,整租 | 新上房源 中心医院 二外 育英中学 儿童医院 山大二
胜利街,晋安三号院,3室                    85.0O,1200元/月,整租 | 胜利街五一路口东 美特好对面，便民市场旁！晋安三号院
滨河东路,建投祥云府,3室                    161.29O,10000元/月,整租 | 万达旁，祥云府161平米三房两卫，全屋定制，出租，诚
胜利桥西,汇丰晨光小区,2室                    62.97O,900元/月,整租 | 兴华北街 九丰路 中意教育 晨光小区 两居 付款灵活
北营,金色丽城,1室                    60O,1400元/月,整租 | 晋阳街太榆路 独立一居室 可月付 图片真实 印象城对
真武路,万豪新天地,3室                    135.00O,1550元/月,整租 | 通达商城背后 万豪新天地大三居 空家 可办公可做宿舍
漪汾,明珠花园,1室                    90O,1500元/月,整租 | 明珠花园整租一居 漪汾街心血管医院 恒大滨河左岸滨河
南中环,中环壹号,1室                    50O,1499元/月,整租 | 直租无中介费  南中环山西大学财经大学 花海 奥斯卡
服装城,鸿润龙城苑,1室                    30O,900元/月,整租 | 可月付建设南路 中正天街 太原站 服装城 鸿润龙城苑
长治,奥林花园,2室                    112O,2200元/月,整租 | 三部空调 复试两句 合租 亲贤街 长治路 奥林花园
长治,嘉苑小区(小店),1室                    60O,1300元/月,整租 | 免押金短租月付地铁口茂业王府井北美火炬大厦国金奥斯卡
真武路,坤泽十里城,2室                    85.36O,1416元/月,整租 | 小店 昌盛街真武路 坤泽A区 精装两室 带空调家具家
体育路,汉唐长风,3室                    173.30O,3000元/月,整租 | 亲贤街 体育路 可议价 可季付 天美 茂业附近 精装
太榆路,东怡花苑,2室                    86.00O,2200元/月,整租 | 南站 山大东怡花苑 大院 精装两居 有空调 宽带 付
义井,万景城,1室                    40O,999元/月,整租 | 小姐姐可免中介 付款灵活 拎包入住 万象城 华润大厦
千峰北路,恒大书院,2室                    72.0O,1500元/月,整租 | 恒大书院 2室1厅1卫  电梯房 精装两居室全家具家
亲贤,碧桂园玖玺台,4室                    147.41O,3500元/月,整租 | 大客厅茂业天地 亲贤街 建设路 昌盛双喜城 空家 办
体育路,山汽小区,3室                    90O,1800元/月,整租 | 有空调 随时看房 体育路山汽小区3居 茂业王府井 交
长风商务区,华润悦府,2室                    100O,2999元/月,整租 | 实拍万象城华润悦府精装两居商住两用可注册营业执照楼层
龙潭湖,金刚堰十三冶小区,2室                    60.53O,999元/月,整租 | 金刚堰小区，北大街，新建路，金刚里，胜利桥东，旱西关
亲贤,教导大队宿舍,3室                    132.0O,1500元/月,整租 | 首租 可季付 可季付 平阳商贸城 美特好 汾河畔 拎
晋阳街,恒大悦府,3室                    151O,4583元/月,整租 | 恒大悦府 小区环境优美 周边配套齐全 地理位置优越
晋祠路,万水澜庭2号园,3室                    115O,2200元/月,整租 | 南内环桥 和平公园 万水澜庭2号园 三室两卫带空调
民营经济园区,万科城市之光东望,2室                    90.0O,2999元/月,整租 | 可月付实图实价不引流奶油少女风茂业迈阿密太原南站太航
坞城,海唐罗马花园,1室                    60O,1400元/月,整租 | 可月付拎包入住龙城大街工商学院坞城南路富力尚悦居万景
平阳,华汇尚领世家,1室                    60O,1000元/月,整租 | 免押金短租月付地铁口茂业王府井北美火炬大厦国金财经大
南中环,融创中心,3室                    142.86O,3200元/月,整租 | 急租！南中环国金旁融创中心28号楼房东诚心出租，14
西客站,路桥金泽华府,2室                    95.66O,1550元/月,整租 | 新上好房，路桥金泽华府，精装两居，金昌盛，南内环西街
北营,太原万科城,3室                    130.32O,2500元/月,整租 | 新上好房，南北通透！南中环 南站附近太榆路 万科城精
迎泽西大街,海唐广场,1室                    39.2O,1499元/月,整租 | 可拎包入住俩个卫生间下元时代城居然之家创客大厦海唐广
漪汾,新城吾悦首府,2室                    119.16O,2700元/月,整租 | 吾悦广场 和平北路理工大旁 吾悦首府精装两居拎包入住
和平南路,华龙苑,1室                    52O,1300元/月,整租 | 华龙苑一室一厅整租，出门和平南路，长风街，门口有公交
坞城,山钢铭著,3室                    128O,2666元/月,整租 | 五恒系统 龙城大街 长治路 地铁口 文旅 大医院 万
长治,山西省华侨友谊公司宿舍,2室                    71.00O,1400元/月,整租 | 首租 平阳路 寇庄西路 48中 长治路小学 精装俩居
兴华街,华洲国际,1室                    50O,799元/月,整租 | 可月付 华洲国际 兴华街 文兴路 弗斯特酒吧 城市学
义井,太药高层小区,2室                    67O,1250元/月,整租 | 义井西街太药D小区，全家具，有钥匙随时看房，拎包入住
迎泽西大街,恒大城,2室                    81.76O,1700元/月,整租 | 迎泽西大街 下元 恒大城 南北通透 一层 可办公
晋祠路,上庄凤玺湾,1室                    55.00O,1500元/月,整租 | 实拍 好房 长风西街 千峰南路紧邻华润万象城上庄凤玺
富士康,丁香园,2室                    92.15O,1500元/月,整租 | 富士康北门电子街地铁口工商学院太重煤机精装带空调朝南
晋阳湖,MOMA当代广场,1室                    49O,1199元/月,整租 | 南中环街 紧临万象城 整租朝南一居室 湖景房 高楼层
小井峪,西华苑四期,1室                    59.4O,1050元/月,整租 | 迎泽西大街，下元，西华苑，奥林匹克花园，一居，拎包入
长风西大街,和风雅居,3室                    131.95O,2100元/月,整租 | 和平里 三居室精装修 和平公园 迎泽大街 南内环 公
千峰南路,润景园著,2室                    96.25O,2500元/月,整租 | 润景园著 千峰南路 千峰商贸 精装修 拎包入住
五一路,机床厂宿舍(杏花岭),2室                    62.91O,999元/月,整租 | 五一路 机床厂宿舍 杏花中学对面 二院 儿童医院十八
长风西大街,万国城MOMA,3室                    170O,5833元/月,整租 | 万国城MOMA物业租售170平精装3居 适合各类办公
富士康,紫金熙悦,3室                    108O,1800元/月,整租 | 私聊要底价 紫金熙悦 全明三居室 九一门口 富士康南
晋阳街,云水世纪明珠,2室                    97.0O,3200元/月,整租 | 可月付无主灯两室一厅奶油网红装修北美N1文锦世家新源
下元,智诚御河骏景,2室                    97.18O,1600元/月,整租 | 公园时代城 下元商圈智诚御河骏景全家具两室一厅一卫
南中环,国际大都会,2室                    65.36O,1666元/月,整租 | 真图实拍 南中环体育路口 国际大都会两居室 交通小区
坞城,佳星园小区,1室                    50O,1200元/月,整租 | 免押金短租月付奥斯卡白求恩茂业王府井北美火炬大厦国金
民营经济园区,明泰领秀长风悦秀园,1室                    40O,950元/月,整租 | 可月付带空调长风东街万科许东茂业亲贤街国控
老军营,寇庄西路36号院,2室                    75.00O,1300元/月,整租 | 南内环 双塔西街 双西小学 省二院 青龙 阳光 金茂
并州南路,重减小区,2室                    68O,1400元/月,整租 | 茂业 百桐园 佳地花园 体育路亲贤街 重减小区拎包入
二营盘,明泰水溪庭院,2室                    93.60O,1900元/月,整租 | 并州南路狄村街白癜风医院沙河小学水溪庭院高层精装两居
迎泽西大街,海唐广场,1室                    38O,800元/月,整租 | 整租可月付居然之家公园时代城创客大厦南内环西街精装拎
经济技术开发区,恒大金碧天下,3室                    130.08O,1750元/月,整租 | 整租三居两卫 恒大金碧天下 坞城路 中国电信 北格
和平北路,大唐世家惠泽苑,4室                    135O,2083元/月,整租 | 和平北路，漪汾街，吾悦广场，大唐惠泽苑错层四居，可办
西宫,西兴苑,2室                    86.86O,1100元/月,整租 | 西兴苑 可月付免费宽带 兴华西街小学 贤彬教育 精装
晋阳湖,吴家堡一号院,2室                    80O,1350元/月,整租 | 实拍可月付可短租南中环清控创新基地万国二手车亚特兰蒂
学府街,207研究所宿舍,3室                    80O,1900元/月,整租 | 新上！体育路学府街八一街 近煤炭医院 八一 三十八中
晋阳湖,夏威夷北岸,1室                    60.4O,1000元/月,整租 | 神堂沟 夏威夷北岸 一室一厅 诚师小学对面
真武路,云鼎小区,2室                    98.00O,1500元/月,整租 | 康宁街 美特好对面 云鼎小区 南北两居 有燃气 坞城
昌盛街,万豪幸福时光,3室                    123.50O,1500元/月,整租 | 坤泽十里城旁  万豪幸福时光  合租  三部空调一样
体育路,警怡苑,1室                    50O,1000元/月,整租 | 可月付网红公寓北美新天地天美长风街长治路地铁口带空调
晋源周边,吴家堡小区,1室                    40O,750元/月,整租 | 万象城长风商务区华润大厦尚德峰环球金融附近新退网红风
郝庄,煤炭郝庄小区,2室                    44.44O,850元/月,整租 | 服装城 朝阳街 步梯房 价位低 楼层低 成活成本低
许坦西街,坞城世纪花苑南区,主卧(3室)                    40O,600元/月,合租 | 可月付 无中介南中环 花海 火炬创业大厦 国金 坞城
五龙口,恒台花园,1室                    80O,999元/月,整租 | 五龙口 红沟路 大东关 恒台花园 整租一居精装修厨客
森林公园,恒大御景湾,3室                    109.47O,1800元/月,整租 | 可季付 森林公园 摄乐桥 恒大御景湾 精装修 南北通
龙潭湖,金刚堰十三冶小区,3室                    90.8O,1450元/月,整租 | 滨河东路，柳溪街金刚堰小区，三居，有空调
长风商务区,融创长风壹号,4室                    169.25O,3500元/月,整租 | 千峰南路 融创长风壹号 精装4居 采光好 办公会所
义井,兰亭荟(商住楼),1室                    40O,980元/月,整租 | 可月付可短租华润万象城亚特兰蒂斯 南屯为民服务中心
太榆路,龙城2017,2室                    75O,1000元/月,整租 | 整租可月付可短租太榆路蓝海汽配城南站印象城机场保利茉
长治,龙兆远景,2室                    120O,2100元/月,整租 | 新上房源王村社区龙兆远景 随时看房  拎包入住精装修
晋阳湖,阳光汾河湾,4室                    173.85O,3500元/月,整租 | 滨河西南中环新晋祠路阳光汾河湾B区四居适合办公可观汾
长风西大街,学府壹号院,4室                    183.75O,8000元/月,整租 | 实图实价 壹号院 全屋定制 长风商务区 采光好 拎包
大南门,工行小区(南海东街),2室                    78O,1499元/月,整租 | 山大一院南宫大南门柳巷钟楼街地铁口新建路水西门南北两
真武路,中实新天地,2室                    97.54O,1666元/月,整租 | 可月付 康宁街 美特好 万马仕 康宁大厦 中实新天地
晋阳街,恒大悦府,3室                    151O,4166元/月,整租 | 恒大悦府 精装修 带车位 地理位置优越 周边配套齐全
晋阳湖,阳光汾河湾,2室                    82O,2600元/月,整租 | 实拍  南中环  汾河湾A区  拎包入住
许坦东街,锦东国际,1室                    45O,750元/月,整租 | 特价房，特价房，特价房重要事，许坦东街，锦东国际一居
民营经济园区,万科城市之光东望,2室                    90O,2200元/月,"整租 | 可月付茂业迈阿密北美N1奥斯卡太原南站
印象城中正天"
晋阳街,碧桂园天汇,3室                    121.15O,2600元/月,整租 | 碧桂园天汇拎包入住 紧挨 长治路龙城公园地铁二号
胜利街,黄金海岸,2室                    90O,2000元/月,整租 | 黄金海岸 上北关小区对面 精装复式两居室 拎包入住
大东关,北晨明苑,2室                    92O,1300元/月,整租 | 付款灵活，大东关街，府东街，多彩城，复式楼，精装两居
体育路,铜厂宿舍,2室                    63O,1666元/月,整租 | 二层 干净两居 体育路茂业体育场附近 铜厂南宿舍 拎
坞城,首开华润紫府,3室                    127O,4200元/月,整租 | 茂业天地北美奥斯卡公园百花谷山西大学五峰国际
服装城,春天广场,1室                    45.0O,1000元/月,整租 | 服装城 双塔北路 春天广场 精装带空调一室一厅 随时
义井,太药D小区,2室                    90O,1250元/月,整租 | 新上，义井街，和平南路，万柏林实验小学，步梯3层，空
南中环,融创中心,3室                    126.56O,3333元/月,整租 | 急租！南中环融创中心，中英空调钥匙在手，房源真实随时
柳巷,太原市公安局迎泽分局宿舍,2室                    50O,1388元/月,整租 | 青年路并州路中正天街省中医院五中东岗小学裕民龙城苑迎
长风商务区,长风观园二期,1室                    70O,1000元/月,整租 | 实拍可月租可短租和平公园龙城寺第二中学
小井峪,华峪东区,2室                    97.00O,1400元/月,整租 | 空调房业主急租大降价小井峪华峪东区A区精装修拎包入住
滨河东路,滨江花园,2室                    65O,1500元/月,整租 | 实拍可月付白求恩医院平阳路龙城万达星河湾祥云公园龙城
义井,兰亭御湖城东区,3室                    99O,1700元/月,整租 | 兰亭御湖城东区 精装小三居仅租1600 拎包入住 随
千峰南路,化二建28街小区,2室                    67.5O,1100元/月,整租 | 化二建28街 义井东街 长风西街 化二建医院 六十二
南中环,融创中心,3室                    126.4O,3000元/月,整租 | 融创中心西区，小区环境优美，绿化丰富
晋源周边,吴家堡小区,3室                    108O,1600元/月,整租 | 吴家堡万国城万国汽贸万象城华润大厦尚德峰国际广鑫大厦
千峰北路,恒大书院,1室                    69.5O,1458元/月,整租 | 千峰北路 彭西二巷 恒大书院 南北一居 高层采光好
真武路,小店四组小区,1室                    55O,1250元/月,整租 | 整租一居室 小店四组 康宁大厦 万马仕 富士康康宁街
大南门,梧桐居,2室                    60.73O,1700元/月,整租 | 特价好房，南海街，羊市街，柳巷附近，精装修两居室，拎
长风西大街,恒实天和福地,2室                    94.08O,1630元/月,整租 | 实拍可月付 和平南路长风西街恒实广场义井集贸市场华润
长风商务区,南屯北小区,2室                    91.48O,2000元/月,整租 | 长风西街万象城旁南屯小区两室两厅落地窗采光好家里干净
迎泽周边,随柳园,2室                    84.00O,900元/月,整租 | 五龙口街 经园路 实验一小附近 俩室俩厅 停车方便
龙城大街,富力壹品,2室                    100O,2000元/月,整租 | 房东新家，出租，北美N1附近，龙城大街，整租两居室
千峰南路,化二建28街小区,2室                    70O,1000元/月,整租 | 新上，义井小吃街，万柏林实验小学，化二建，4层两居
晋阳街,实地紫藤公馆,2室                    81O,1980元/月,整租 | 实拍可月付北美N1体育学院白求恩苏宁广场宏安世纪大厦
西客站,中海国际社区,3室                    98.46O,1500元/月,整租 | 新上 三居 中海国际家具家电齐全 看房方便 拎包入住
小井峪,西华苑四期,1室                    65O,999元/月,整租 | 西中环  奥林匹克 海唐广场 创客大厦  西华苑四期
晋阳街,文锦世家,1室                    65O,1000元/月,整租 | 可短租可月付 清新风茂业北美南中环长治路北张文锦世家
敦化坊,机床厂胜利小区,3室                    120O,1350元/月,整租 | 可季度付 营西街 北大街 北沙河 机床厂胜利小区 拎
迎泽西大街,海唐广场,1室                    45O,799元/月,整租 | 直租无中介 可月付 海唐广场 创客大厦 迎泽西大街
真武路,小店四组小区,1室                    56O,1300元/月,整租 | 康宁大厦旁 正规精装一居室 配置齐全 康宁街地铁万马
北中环,富力城龙栖谷,3室                    89.55O,1600元/月,整租 | 北中环 东中环 紧邻师院附 富力广场 龙栖谷 拎包住
长风商务区,华润悦府,2室                    100O,2800元/月,整租 | 华润悦府大两居 简装 商住两用
坞城,龙城新居,1室                    50O,800元/月,整租 | 可月付中国知网新汇众龙城教育龙城大街汤如意马练营南站
西矿街,泽峪园,1室                    40O,800元/月,整租 | 实拍可月付科技大学信达国际金融中心公元时代城居然之家
体育路,世纪花苑北区,2室                    85O,2300元/月,整租 | 可月付带空调北美N1高新区九一师范小学花海国金煤炭医
经济技术开发区,中泽纯境,1室                    40O,700元/月,整租 | 实拍可月付可短租太原学院百度标注翰林华府国仕山晶科停
小东门,景泽明苑,3室                    110O,2499元/月,整租 | 新上 二院附近 五一路 小东门 景泽明苑 复式 看房
真武路,小店四组小区,1室                    55.00O,1250元/月,整租 | 整租一室 富康街真武路 小店四组 晋阳紫城 家电齐全
西客站,奥林匹克花园(南区),1室                    50.22O,850元/月,整租 | 特价便宜租 西客站 居然之家 奥林南区 随时看房 家
南中环,融创中心,2室                    86.24O,2900元/月,整租 | 可月付实图实价带衣帽间不引流北美N1国金巨鑫国际晋阳
长风西大街,恒实天和福地,3室                    124.75O,2300元/月,整租 | 和平南路 恒实天和福地 精装三居 全新出租 拎包入住
平阳,山西财经大学西校区宿舍,1室                    55O,1500元/月,整租 | 首租 无物业费可停车一居室可寄付 亲贤街平阳景苑 财
亲贤,永丰公寓,1室                    50O,1200元/月,整租 | 无中介可月付 亲贤街并州路茂业天地太航医院附近 整租
和平南路,漫香堤,3室                    131.11O,2200元/月,整租 | 家具可换新 和平南路 省六建 漫香提 三居一卫 随时
晋祠路,义井商贸城小区,3室                    134.0O,1850元/月,整租 | 义井商贸城小区 南三巷 千峰南路 河西批发市场 华润
晋阳街,云水世纪明珠,2室                    98.0O,2500元/月,整租 | 可月付出租北美N1奥斯卡云水世纪明珠火炬大厦晋阳街体
敦化坊,馨春龙城苑B区,2室                    106.0O,1500元/月,整租 | 东中环肿瘤医院附近精装两室拎包入住
柳巷,金湾小区,2室                    106.87O,2300元/月,整租 | 房东第一次出租 温馨两居室 邻近眼科医院 杏花岭医院
南中环,中环壹号,2室                    92.0O,1750元/月,整租 | 可月付南站印象城北美N1山西大学南中环大都会北张晋阳
西矿街,广兴巅峰国际,1室                    60O,1666元/月,整租 | 可月付国际公园时代城金昌盛西中环居然之家奥林匹克拎包
小店周边,华浩水木云天,1室                    40O,600元/月,整租 | 月付太原学院晶科能源中心百度基地汾东大街旅游学院昆明
晋阳街,小马村自建房,1室                    20O,500元/月,整租 | 无中介费实图实价晋阳街平阳路小马村白球恩医院附近个人
晋阳街,富佳苑,2室                    80O,1750元/月,整租 | 可月付实图实价不引流太原南站财经大学北美N1晋阳街公
万柏林周边,佳境珑原,2室                    86.73O,900元/月,整租 | 科技大学西中环简装可月付南北两居出租
长风商务区,长风观园二期,1室                    45O,1050元/月,整租 | 实拍可月付可短租带空调 千峰南路和平公园义井集贸市场
龙城大街,首开国风琅樾,3室                    128.52O,2500元/月,整租 | 首开国风琅樾 128平 全屋中央空调 龙城公园 长治
郝庄,东城现代公寓,1室                    46.00O,950元/月,整租 | 有钥匙 服装城 朝阳街 双塔公园 家具家电齐全 家电
晋祠路,万水澜庭2号园,3室                    110.0O,2200元/月,整租 | 南内环西街 千峰南路 3居 采光好 拎包入住 电梯房
长风西大街,万国城MOMA,2室                    133.95O,4500元/月,整租 | 长风西街 万国城物业租售 135平公寓精装2居 办公
平阳,云水榭,1室                    45O,999元/月,整租 | 可月付实图实价不引流百花谷清控智创城高新区大马王府井
迎泽西大街,海唐广场,1室                    55O,1100元/月,整租 | 短租可月付迎泽西大街创客大厦居然之家金昌盛海唐广场西
千峰南路,粮贸小区,2室                    72.88O,1400元/月,整租 | 万柏林区 粮贸小区 整租 两室一厅
二营盘,合生御龙城,2室                    93.51O,2300元/月,整租 | 茂业体育场 并州南路并州帝景精装修两居 大落地窗 拎
晋阳湖,吴家堡一号院,1室                    65O,1200元/月,整租 | 吴家堡一号院一室一厅南中环万象城华润大厦商圈附近广鑫
长治,嘉苑小区(小店),1室                    50O,1300元/月,整租 | 可月付地铁口茂业王府井 新康隆 龙兆远景   嘉苑小
西矿街,铁建雅苑,2室                    93.0O,1250元/月,整租 | 河西居然之家 创客大厦 九洲农贸市场 瓦流小学 停车
体育路,君泰中央公园(商住楼),1室                    59.11O,1499元/月,整租 | 可月付龙城公园财经大学农业大学首开龙城大街平阳南路乌
晋阳街,云水世纪明珠,4室                    180O,5000元/月,整租 | 送一百平露台办公会所北美N1晋阳街宏安火炬大厦君威南
亲贤,碧桂园玖玺台,3室                    128.32O,3300元/月,整租 | 大客厅 茂业天地 亲贤街 建设路 昌盛双喜城 停车方
平阳,山西财经大学西校区宿舍,2室                    67O,1699元/月,整租 | 亲贤北街 平阳路 平阳景苑 长风公寓 财大西校宿舍
龙潭湖,金刚堰十三冶小区,2室                    70.00O,1050元/月,整租 | 北大街，旱西关，柳溪街，金刚堰小区，简单2室，拎包入
北大街,千渡东山晴,3室                    120.25O,1400元/月,整租 | 东峰路，东中环，凯旋街，长江美术馆，南北三居，全家具
并州南路,唐槐苑,1室                    50O,800元/月,整租 | 急租可月付唐槐苑建南汽车站火车站服装城茂业王府井唐槐
晋阳街,恒大悦府,3室                    150.7O,3750元/月,整租 | 恒大悦府151平，阳台通铺，随时看房
长治,龙兆远景,2室                    85.00O,2200元/月,整租 | 长治路茂业天地 业主自住婚房两居室 王府井茂业地铁沿
森林公园,滨河城,3室                    92.99O,1100元/月,整租 | 大同路 滨河城小区 精装小三居 拎包入住 太钢西门
西客站,奥林匹克花园(南区),1室                    60O,999元/月,整租 | 特价好房 奥林匹克花园 居然之家
长治,龙兆远景,1室                    50O,1000元/月,整租 | 整租可月付近王村南街地铁保利大都汇茂业百货王府井天美
和平南路,太原国投国兴小区,3室                    117.7O,1666元/月,整租 | 便宜三居 长风西街 市妇幼 国投小区 拎包入住
南中环,鸿富小区,2室                    101.01O,2000元/月,整租 | 可月付有空调地铁口茂业王府井居然之家北美天美地铁口鸿
大营盘,华润昆仑御,2室                    45O,2750元/月,整租 | 网红公寓 情侣首租 温馨复式俩居 交通便利 拎包入住
长治,龙兆远景,1室                    50O,1200元/月,整租 | 实拍可月付茂业长治路王府井王村南街地铁口山西省体育局
半坡东西街,三桥街西社区,2室                    60.12O,1000元/月,整租 | 三桥街西社区 2室1厅1卫 精装修 紧挨地铁口龙潭湖
晋阳湖,当代城MOMA,3室                    133.17O,2500元/月,整租 | 南中环街紧临万象城 长风商务区 全屋定制三居两卫楼层
西矿街,玉河街39号院,3室                    105O,1400元/月,整租 | 太重美特好 玉河街小学 太重体育馆 兴业阳光幼儿园
长风西大街,富力现代广场,1室                    39.56O,1400元/月,整租 | 富力现代广场，长风西街，新晋祠路，西中环，万象城，万
赛马场,观澜金座,2室                    52.0O,1000元/月,整租 | 凯旋街肿瘤医院附近观澜金座精装两居拎包入住随时看房有
昌盛街,阳光揽胜,2室                    81.14O,1300元/月,整租 | 实拍可月付 疾控中心人民政府小店一中浦东雅典坤泽通达
经济技术开发区,宁达盛世,4室                    156.29O,2083元/月,整租 | 小店 唐明路康寿街 九一小学 梧桐大厦 宁达盛世 四
滨河西路,太原理工大学长风住宅小区,3室                    180O,3000元/月,整租 | 实拍！新晋祠路 保利天悦 丽华苑 长风西街 可办公
长风商务区,长风观园二期,1室                    50O,1000元/月,整租 | 可月付可短租长风西街和平公园千峰南路六十二中万象城
长风商务区,南屯北小区,2室                    91.48O,2000元/月,整租 | 长风西街万象城旁南屯小区两室两厅落地窗采光好家里干净
滨河东路,长风小区,主卧(3室)                    50O,599元/月,合租 | 无中介 可月付 亲贤街 平阳景苑 和信商座 顶好时尚
长风商务区,华润悦府,2室                    100.14O,4000元/月,整租 | 华润悦府 大两居 商住两用
民营经济园区,槐桐别苑,3室                    98O,1799元/月,整租 | 槐桐别苑三居一卫常青藤新时代双语长风街家具家电齐全南
亲贤,碧桂园玖玺台,3室                    128.32O,3600元/月,整租 | 可月付实图实价不引流建南茂业迈阿密省政府太航医院太原
下元,原上园,1室                    43.77O,1500元/月,整租 | 可月付 下元 理工大附近 信达国际 原上园 精装拎包
漪汾,龙头公寓,1室                    64.99O,1200元/月,整租 | 兴华街 迎西  商贸 独门一户
龙城大街,经贸龙瑞苑,2室                    108.33O,2199元/月,整租 | 平阳路龙城大街 白求恩医院 龙瑞苑 文旅大厦 拎包入
晋阳街,恒大悦府,3室                    208.29O,6666元/月,整租 | 恒大悦府精装现房一天未住大宽厅适合办公住家
万达,万达天玺小区,2室                    97.14O,3200元/月,整租 | 万达广场 龙潭公园 万达天玺 温馨两室 拎包入住
北营,北营新村丰景佳园,3室                    90O,1200元/月,整租 | 新上首租，手慢无！好楼层南站附近 北营丰景佳园精装三
服装城,龙鼎花园福民苑,1室                    42.0O,1000元/月,整租 | 可月付常青藤万科紫台龙鼎花园亲海国际龙堡绿洲
平阳,智诚平阳府第,1室                    45O,1200元/月,整租 | 可月付 可短租 智城平阳府第 平阳路 鸿富小区 平阳
长风西大街,富力现代广场,2室                    92O,1500元/月,整租 | 富力现代广场西欧风两居和平南路西中环万象城晋阳湖公园
龙城大街,嘉节苑,2室                    80O,1399元/月,整租 | 干净明亮！龙城万达 星河湾 白求恩 嘉节苑 精装两居
长风商务区,保利海德公园,2室                    85.89O,2500元/月,整租 | 可月付 和平公园 华夏广场 润景园著 保利海德精装拎
滨河东路,银海水韵,3室                    135O,3000元/月,整租 | 清控智创城仁安医院银海水韵南中环滨河路三居室双卫拎包
真武路,万豪诚品,3室                    102.30O,1500元/月,整租 | 万豪诚品精装南北小三居 家里干净整洁有空调
高新区,旭然园住宅小区,2室                    80.3O,2085元/月,整租 | 高新区 火炬大厦国金中心花海旁 旭然园小区 精装两居
平阳,市卫校宿舍,2室                    60O,1400元/月,整租 | 首租 南内环平阳路口 卫校 36中 老军营 精装俩居
龙城大街,龙城天悦,2室                    71.76O,1300元/月,整租 | 整租可月付可短租太原五中坞城路北美茂业山西大学拎包入
南内环,东景花园四建小区,2室                    60O,1188元/月,整租 | 东景花园省人民医院双塔东街日报社东岗路并州路东港家园
真武路,恒大绿洲西区,2室                    98.97O,2200元/月,整租 | 两室两厅 真武路  综改区 恒大绿洲西区  有空调
滨河东路,拉菲香榭,3室                    153.81O,2500元/月,整租 | 短租 陪读 付款灵活 滨河路 平阳路万达 大医院 文
太榆路,太原市灯泡厂小区,2室                    74.58O,1200元/月,整租 | 南站东广场 灯泡厂宿舍两居室 无物业 停车方便 万科
民营经济园区,万科城市之光东望,2室                    115O,2500元/月,整租 | 亲贤北街茂业双喜城太航附近万科东望精装两居白色简约
许坦西街,开元小区,3室                    146.14O,2500元/月,整租 | 可月付带空调北美N1九一师范小学煤炭医院高新区开元农
柳巷,水西门街10号院,1室                    44O,1000元/月,整租 | 山大一院大南门柳巷钟楼街地铁口新建路水西门府西街3层
晋阳街,上林轩,2室                    87.00O,2300元/月,整租 | 实图实价！晋阳街 上林轩 三中  恒大御府 新源 带
千峰南路,公园伍号,2室                    90.08O,2300元/月,整租 | 公园伍号 豪华装修 拎包入住 生活便利 千峰南路
真武路,小店四组桃园小区,1室                    65.0O,1000元/月,整租 | 可月付通大商场旁精装一室一厅
西客站,西华苑三期北区,1室                    60.0O,800元/月,整租 | 西客站，迎泽西大街，居然之家，奥林匹克花园南区，西华
许坦东街,东润国际,1室                    47.66O,1400元/月,整租 | 许坦东街东中环金桥双语学校旁精装一居室民水民电电梯高
亲贤,上上城,2室                    96.98O,2300元/月,整租 | 茂业 王府井 体育路 亲贤街附近上上城两室精装拎包入
长治,馨海银座,3室                    120.00O,2500元/月,整租 | 精装三居办公好房和信 平阳景苑世贸附近 随时看长治路
义井,兰亭御湖城东区,3室                    100O,2000元/月,整租 | 兰亭御湖城东区 精装三居2000 拎包入住 高层电梯
真武路,恒大绿洲东区,2室                    89.82O,1850元/月,整租 | 城南逸居 太重煤机 电子街 恒大绿洲东区北门两居
滨河东路,小马花园,1室                    50O,1500元/月,整租 | 整租一居带空调煤气灶龙城万达白求恩医院北美N1天然气
亲贤,太航苑,主卧(3室)                    39O,599元/月,合租 | 无中介 可月付 亲贤街 茂业 民生国际 太航 双喜城
长治,龙兆远景,2室                    120.0O,1800元/月,整租 | 实图实价可月付茂业王府井王村南街地铁口新康隆
亲贤,昌盛双喜城,2室                    106O,3300元/月,整租 | 急租建设路 亲贤北街 茂业天地 佳地花园 二十七中
长风西大街,万国城MOMA,3室                    135O,4583元/月,整租 | 长风西万国城MOMA物业租售 135平3居 适合办公
坞城,学府艺苑广场,1室                    56O,1200元/月,整租 | 九一小学。八一小学 建校 武警医院
三给路,旭辉江山林樾,3室                    105.0O,1300元/月,整租 | 旭辉江山 免费停车 可办公 和平北路 三给街 小东流
长风西大街,富力现代广场,2室                    90O,1500元/月,整租 | 实拍可月付华润大厦义井丽华大厦国投大厦晋联国际中心市
坞城,臻观苑,3室                    97O,1750元/月,整租 | 政务大厅 晋阳街公园 八一旁 臻观苑精装两居室 领包
亲贤,碧桂园玖玺台,4室                    128.27O,4500元/月,整租 | 可月付实图实价不引流茂业迈阿密太航医院中正天街太原南
三给路,通德苑,2室                    102O,1000元/月,整租 | 天美杉杉奥莱   黎氏阁装饰城精装两居  随时看
平阳,师苑公寓,2室                    85O,1800元/月,整租 | 南内环青龙电脑城精装修两居室出租
晋阳街,君怡小区,2室                    94.0O,2500元/月,整租 | 可月付平阳路晋阳街口 和易嘉园 博雅书苑 源缘园华鼎
郝庄,红星天铂北区,2室                    91O,1300元/月,整租 | 服装城王家峰 国泰龙城湾对面 红星天铂南北两居 空家
大营盘,华润昆仑御,1室                    40O,1400元/月,整租 | 可月付南内环鼎泰风华华邦国际财富大厦省体育馆迈阿密
民营经济园区,宏盛花园,2室                    95.11O,1800元/月,整租 | 宏盛花园 2室1厅1卫 95平 精装修 电梯房
许坦东街,晋建迎曦园,2室                    75.46O,1800元/月,整租 | 太榆路 晋建迎曦园 万科城 嘉泽龙城苑 北营北路锦东
体育路,龙城壹号,2室                    118.99O,2400元/月,整租 | 实拍可短租可月付龙城大街白求恩医院万达龙兴街万立科技
南寨,龙凤苑小区,2室                    83.00O,1200元/月,整租 | 新华厂，不锈钢园区，天朗美域，锅炉厂，中北高新区，兴
长风西大街,远大凤玺湾(二期),3室                    129O,2700元/月,整租 | 晋祠路 长风西街 远大凤玺湾 精装三居 生活便利 随
平阳,嘉缘小区,1室                    40O,600元/月,整租 | 实拍可短租月付电子街地铁口小店二中嘉隆明城平阳南路白
晋阳湖,太原绿地城,3室                    115O,2150元/月,整租 | 新上！西中环 太原绿地城 精装修 南北通透 拎包入住
义井,兰亭荟,1室                    50O,1499元/月,整租 | 可月付 长兴南街 万象城 晋祠路 万水大市场 一室一
迎新街,红楼宿舍,2室                    80.00O,850元/月,整租 | 可季付，太钢医院，迎新街小学，太钢北门，红楼小区，可
南中环,北张住宅小区,1室                    45O,999元/月,整租 | 可月付北美N1新奥莱财富中心国际金融中心大都会晋阳街
小井峪,富地凯旋门,1室                    39.59O,1500元/月,整租 | 业主自住全屋定制下元五十六中山西医科大富地凯旋门拎包
长风商务区,新庄北小区,1室                    40O,950元/月,整租 | 长风街和平南路万科蓝山义井和平公园附近新出轻奢风一居
高新区,晋源国税宿舍,4室                    165.82O,3000元/月,整租 | 平阳路 高新街口 海棠大厦对面 前进小区 三卧朝南
西客站,西华苑三期北区,1室                    60O,1000元/月,整租 | 新上一室一厅 家具家电齐全 看房方便 拎包入住
晋阳湖,绿地世纪城,1室                    50O,1100元/月,整租 | 实拍可月付化建大厦亚特兰蒂斯华润大厦清控国金中心环球
下元,太原理工大学迎西校区北院,2室                    68.80O,1550元/月,整租 | 下元 理工大西北门 千峰北路 二十九中 公园路小学
柳巷,南牛肉巷47号楼,1室                    55.0O,900元/月,整租 | 可月付 柳巷开化寺 食品街鼓楼街 解放路大南门地铁口
小店周边,华浩水木云天,1室                    45O,600元/月,整租 | 可月付太原学院百度基地安泰信金龙鱼比亚迪孵化基地翰林
南中环,北张住宅小区,3室                    136.0O,2299元/月,整租 | 南中环坞城路 北张小区 国际大都会 北美N1 山大付
长风西大街,富力现代广场,2室                    88O,1666元/月,整租 | 急租急租，可月付，长风西街，富力现代，家电齐全，市妇
南中环,融创中心,4室                    222O,5500元/月,整租 | 商务接待可办公会所清控智创城火炬大厦南中环平阳路实验
晋阳湖,国雅城二号院,3室                    80O,1500元/月,整租 | 可短租可月付万象城周边交通便利配套设施齐全
长风商务区,南屯北小区,2室                    91.48O,2000元/月,整租 | 长风西街万象城旁南屯小区两室两厅落地窗采光好家里干净
服装城,刚玉砂轮厂宿舍,主卧(3室)                    30O,599元/月,合租 | 服装城火车站同至人可月付可短租可洗澡无中介可做饭无中
万达,万达小区,2室                    74.54O,2099元/月,整租 | 北大街 绿柳巷 解放路 万达  万达小区精装两室 出
桥东街,人民银行宿舍,主卧(3室)                    45O,799元/月,合租 | 无中介 可月付 可短租 桥东街 五一广场 太原火车站
长治,华天置地,3室                    131.00O,2999元/月,整租 | 带空调龙城大街 长治路大医院 国金 巨星国际 北美
坞城,农科新城,2室                    135O,1900元/月,整租 | 整租可月付可短租空调农科新城清枫华景佳星园农业大学君
滨河东路,银海水韵,3室                    137.0O,3000元/月,整租 | 清控智创城仁安医院银海水韵南中环滨河路欧式三居  拎
漪汾,后北屯中心花园,1室                    50O,1300元/月,整租 | 漪汾街 中心花园 后北屯社区 全家电带空调 干净整洁
三给路,锦乐苑,2室                    102O,1100元/月,整租 | 锦乐苑 有家电 外国语 省人民医院 奥特莱斯 和平北
晋祠路,南屯南小区,1室                    40O,950元/月,整租 | 急租 可月付 万象城 华润大厦 厨卧分离 南屯南 丽
南寨,龙凤苑小区,2室                    83.00O,1099元/月,整租 | 新华厂，不锈钢园区，天朗美域，锅炉厂，中北高新区，兴
小东门,景泽明苑,1室                    90O,1499元/月,整租 | 可季度付 二院附近 五一路 小东门 景泽明苑 复式
长治,龙兆远景,1室                    65O,999元/月,整租 | 可月付押一付一金业苑长治路地铁口经典家园茂业民生国际
长风商务区,融创太原府,3室                    125O,3500元/月,整租 | 融创太原府 为民服务中心 长风商务 精装修 三室两厅
兴华街,西流佳苑,2室                    105O,1666元/月,整租 | 西流佳苑 兴华街 和平北路 西宫61中 外滩实验小学
长风西大街,万国城MOMA,3室                    170O,6250元/月,整租 | 可议价 万国城MOMA物业租售 170平精装3室 自
坞城,学府艺苑广场,1室                    56O,1200元/月,整租 | 八一小学。九一小学   51中  建校 学府街
民营经济园区,昱兴景苑,2室                    80O,1700元/月,整租 | 昱兴景苑 2室1厅1卫 精装修 80平 南北通透
龙潭湖,阳光时尚广场,3室                    170O,2800元/月,整租 | 万达附近 龙潭公园 柳溪街 新建路 精装三室 可办公
并州南路,山煤上德苑,2室                    95.34O,3000元/月,整租 | 并州路 亲贤北街 三十八中 二营盘 茂业天地 鼎太风
学府街,星河广场,3室                    137.13O,3200元/月,整租 | 学府街体育路书香苑煤炭医院党校开元九一小学紫云府高新
漪汾,中心花园二小区,3室                    116.0O,2083元/月,整租 | 漪汾街千峰路口 吾悦广场 精装三居全家具家电
亲贤,梅园小区,2室                    96O,1400元/月,整租 | 租 特价好房 两部空调 亲贤街 长治路 茂业 王 府
西矿街,泽峪园,1室                    55.0O,900元/月,整租 | 可月付下元商贸城金昌盛第四人民医院西客站公园时代城小
许坦东街,怡然家园,2室                    92.22O,2000元/月,整租 | 龙堡街 九一小学常青藤 带空调 怡然家园 精装修 拎
大东关,北晨明苑,2室                    92O,1300元/月,整租 | 大东关，消防队对面，北晨名苑，精装两居，全家具家具，
真武路,小店二组综合楼,1室                    55O,700元/月,整租 | 实拍可月付短租康宁街康宁大厦万马仕小店百货富士康美都
长治,经典家园,2室                    90O,2100元/月,整租 | 长治路地铁口 21中金茂财富恒地 精装俩居 俩部空调
晋阳湖,太原绿地城,1室                    50O,1000元/月,整租 | 可月付华润大厦亚特兰蒂斯义井小吃街晋阳湖公园拎包入住
千峰南路,来福花园,2室                    97.37O,1600元/月,整租 | 来福花园精装两居室 空家 可做宿舍 办公 随时看房
西客站,南寒圣都,1室                    46.85O,1099元/月,整租 | 急租！标准整租一居西矿街居然之家西客站山大二院玉门花
长治,龙兆远景,2室                    85.0O,1800元/月,整租 | 整租可月付王村南街茂业地铁口南内环金茂财富王府北美
坞城,万景嘉苑,2室                    92.33O,1750元/月,整租 | 可月付工商学院北美N1奥斯卡太原南站印象城龙城公园万
府东府西,东杏苑小区,3室                    80O,2400元/月,整租|有空调！圆通寺解放路缉虎营地铁口 三室一厅拎包入住
西客站,南寒圣都,1室                    49.19O,1150元/月,整租 | 独门独户标准住家一居西客站南寒公园居然之家迎泽西大街
柳巷,前所街住宅小区,2室                    61.13O,1666元/月,整租 | 可月付 紧邻成成 院内可停车 全家具家电 拎包入住
太榆路,龙园小区,1室                    45O,650元/月,整租 | 可短租可月付无中介费 南站长风街山西大学印象城附近龙
真武路,万豪诚品,3室                    102.30O,1300元/月,整租 | 万豪诚品 南北小三居出租 家具全  只租一万五
龙潭湖,平安楼,1室                    45O,1000元/月,整租 | 解放路 西缉虎营 后小河 省实验中学 平安楼 拎包入
万达,万达小区,2室                    74.54O,2099元/月,整租 | 北大街 绿柳巷 解放路 万达  万达小区精装两室 出
小店周边,亲凤苑(南区),1室                    40O,999元/月,整租 | 特价租房 无中介可月付 体育西路 长风大卖场 亲凤苑
民营经济园区,礼顿山,1室                    40O,800元/月,整租 | 可月付长风街国际商务学院 常青藤 龙堡绿洲 亲海国际
长风,锦绣名邸,3室                    114.19O,2300元/月,整租 | 月付实图实价拎包入住茂业附近双塔公园环境好
二营盘,山西电机制造有限公司二小...,2室                    51.85O,1400元/月,整租 | 可月付 茂业 大营盘 狄村 并州路 有空调 三十二中
平阳,育翠苑,3室                    100O,1700元/月,整租 | 首租 首租  首租 美特好 新康隆 汾河畔 育翠苑拎
真武路,福海苑小区,3室                    95O,1600元/月,整租 | 整租可月付拎包入住康苑雅居海棠家园美都汇富士康新力惠
长风商务区,长风观园二期,2室                    80O,1300元/月,整租 | 实拍可月付可短租千峰南路鑫美天地和平公园沙沟华夏广场
亲贤,文湃苑,3室                    95O,2300元/月,整租 | 新上房源！亲贤街 并州路  小三居 文湃苑拎包入住
经济技术开发区,中海寰宇时代,2室                    84.78O,1750元/月,整租 | 中海寰宇时代一期 南北两居付款灵活 交科院对面 中国
长风商务区,华润玺,1室                    90O,3000元/月,整租 | 长风商务区万象城旁华润大厦复试公寓适合小型工作室茶室
南中环,千禧锦绣苑,2室                    86O,2499元/月,整租 | 体育路光信国信保利东郡邻北美N1通宝育杰政务中心国金
富士康,富世康园,1室                    62O,1000元/月,整租 | 实拍可月付 富士康鸿洋小区云特区智创城兰亭国际宇翔大
万柏林周边,裕峰花园北小区,2室                    85O,1250元/月,整租 | 出租长风街西中环大井峪龙湖天钜裕峰花园精装两居室拎包
胜利桥西,汇丰苑,2室                    66.31O,1000元/月,整租 | 兴华街 汇丰苑 2室1厅1卫 66平 南北通透 配套
汾东北路,汇丰国际住宅小区,2室                    81.40O,1499元/月,整租 | 一中附近 汇丰国际住宅小区 2室 电梯房 精装修 配
大南门,庙前小区,1室                    46.0O,1299元/月,整租 | 柳巷 铜锣湾 大南门 钟楼街 开化市 地铁口 府西街
下元,红星自来水小区,2室                    104.00O,1599元/月,整租 | 下元 公园时代城 国际能源 红星自来水小区 南北两居
和平南路,纺织苑,2室                    80O,1500元/月,整租 | 千峰南路 八方商贸对面 纺织苑精装两居室 拎包入住
长风西大街,万国城MOMA,1室                    60O,3166元/月,整租 | 长风商务区 万国城MOMA物业租售  60平精装公寓
晋阳街,碧桂园天汇,4室                    149.70O,3500元/月,整租 | 碧桂园天汇 4室2厅2卫 南北通透 长治路龙城公园地
滨河东路,银海水韵,2室                    95.0O,2650元/月,整租 | 银海水韵小区，两室两厅一卫，小区安静舒适
迎新街,人和美,1室                    29O,850元/月,整租 | 精装标配出租一居室，能做饭，能洗澡，拎包入住
长治,龙兆远景,1室                    50.0O,1000元/月,整租 | 免押金短租月付地铁口茂业王府井北美火炬大厦国金四十八
郝庄,育阳小区(郝庄正街),2室                    80O,1083元/月,整租 | 服装城 郝庄街 育阳 二层 南北通透 全家具家电 拎
人民路,君领小区,2室                    80O,1500元/月,整租 | 小店 人民路康宁街地铁口 君领小区 家具家电齐全双空
许坦东街,锦东国际,1室                    50.00O,1300元/月,整租 | 锦东国际，许坦东街路口，精装一居室，带空调，出租有需
和平南路,纺织苑,2室                    115.00O,1300元/月,整租 | 千峰南路 和平公园 纺织苑B区 众纺路小学 两居 拎
五龙口,荔园悦享星醍,2室                    81.67O,1500元/月,整租 | 多彩城府东街东中环附近整租两居
龙城大街,富力壹品,2室                    87.67O,2200元/月,整租 | 可月付白求恩医院龙城公园地铁站金古仓晨雨万立科技小马
晋祠路,太化和平苑小区,2室                    84.53O,1700元/月,整租 | 新上！万象城长风街和平路万柏林实验小学对面太化和平苑
平阳,佳境花园,3室                    129.93O,2500元/月,整租 | 佳境花园 拎包入住 价格可聊
千峰南路,长风观园一期,2室                    105.45O,1750元/月,整租 | 可短租！千峰南路 长风观园 西岸 万象城 南北两居室
柳巷,怡华苑小区丰华公寓,2室                    80O,1800元/月,整租 | 柳巷铜锣湾大南门成成中学搜机城精装两居拎包入住
滨河东路,馨和佳苑小区,3室                    170.42O,3333元/月,整租 | 停车方便 办公好房！滨河东路 晋阳街 东悦广场 馨和
平阳,汾河小区,3室                    104O,1750元/月,整租 | 首租新康隆亲贤茂业精装三居室平阳路王村南街南内环长治
兴华街,纽约公寓,1室                    55O,999元/月,整租 | 可月付 带空调兴华街 弗斯特酒吧 迎西歌城 城市学院
晋阳湖,山投沿湖城,2室                    91.81O,2000元/月,整租 | 南中环金阳湖长风商务区山投清控
桥东街,人民银行宿舍,主卧(3室)                    45O,799元/月,合租 | 无中介 可月付 可短租 桥东街 五一广场 太原火车站
长风商务区,南屯北小区,2室                    91.48O,2000元/月,整租 | 长风西街万象城旁南屯小区两室两厅落地窗采光好家里干净
服装城,刚玉砂轮厂宿舍,主卧(3室)                    30O,599元/月,合租 | 服装城火车站同至人可月付可短租可洗澡无中介可做饭无中
亲贤,太航苑,主卧(3室)                    39O,599元/月,合租 | 无中介 可月付 亲贤街 茂业 民生国际 太航 双喜城
体育路,山汽小区,3室                    85.42O,2100元/月,整租 | 亲贤街 体育路 可季付 天美 茂业 山汽小区 精装三
迎泽西大街,海唐广场,2室                    70O,1800元/月,整租 | 可拎包入住居然之家创客大厦山西海唐广场精装复试俩居
龙城大街,富力壹品,2室                    88O,2100元/月,整租 | 实拍可月付北美N1苏宁广场龙城公园白求恩医院龙城北街
北营,太原万科城,3室                    106.06O,2500元/月,整租 | 新上好房，南站附近！南中环 山西大学 万科城精装三居
义井,君威梧桐院,1室                    45O,900元/月,整租 | 急租万象城蓝月湾南屯苑格林花园吴家堡紫竹园澳林滨河花
长风商务区,太化蓝月湾,3室                    145.71O,3333元/月,整租 | 华润大厦万象城 鸿升时代广场 蓝月湾南屯苑 精装三居
桃南,山西医科大学桃南家属院,2室                    65O,1800元/月,整租 | 桃园南路 精装两室 紧邻桃南小学37中山大一院 可停
民营经济园区,明泰领秀长风悦秀园,1室                    50O,999元/月,整租 | 整租月付可短租长风东街万科城市之光紫台龙园茂业王府井
兴华街,兴华北小区,2室                    65.84O,1200元/月,整租 | 兴华街 千峰北路 兴华菜市场 兴华北小区东区南北两居
亲贤,国治龙城苑,2室                    72O,2100元/月,整租 | 新上好房 亲贤街茂业 体育路 并州南路南内环精装两居
南中环,融创中心,3室                    114.98O,2800元/月,整租 | 新上，融创中心国金智慧港中博产业园焦煤，新家没住过人
迎泽西大街,文兴苑(万柏林),1室                    50O,1099元/月,整租 | 急租 中海国际 理工大 能源中心 信达 可月付 房东
长风西大街,万国城MOMA,1室                    65.84O,2916元/月,整租 | 万象城附近 万国城MOMA一居小公寓 家具家电齐全
迎泽大街,裕民龙城苑(西区),3室                    120O,3200元/月,整租 | 青年路 迎泽公园 中医院 中正天街 五一广场 太原五
下元,化纤小区,2室                    66.96O,1166元/月,整租 | 下元交通局宿舍精装两居 化纤小区 公园时代城 无物业
万柏林周边,龙湖长风天钜,3室                    108.09O,2200元/月,整租 | 大井峪 龙湖天钜B区 精装修 家具家电齐全 随时看房
和平北路,线材厂宿舍(东区),2室                    60.00O,1000元/月,整租 | 西中环 科技大学 精装两居室 家具家电齐全 物业便宜
和平南路,纺织苑,1室                    42.62O,1250元/月,整租 | 和平南路 尔湾医院对面 纺织苑A区一居 家具家电齐全
平阳,平阳景苑,3室                    121.21O,3300元/月,整租 | 长风街王府井沃尔玛和信平阳景苑电梯房精装修三居两卫随
并州南路,东太堡回迁三期,1室                    45O,700元/月,整租 | 可月付东太堡小区龙鼎花园万科紫台长风街太榆路龙园小区
坞城,农科院宿舍(小店),3室                    130O,3500元/月,整租 | 新 山大附附近 农科院宿舍 临街坞城路这边 小区环境
真武路,小店四组小区,1室                    50O,1166元/月,整租 | 精装 富康街真武路 小店四组 晋阳紫城 一室壁纸 家
太榆路,龙园小区,1室                    57O,900元/月,整租 | 可月付有空调山西职业技术学院太原金桥双语学校亲海国际
长治,经典家园,2室                    130.10O,2100元/月,整租 | 长治路 王村南街地铁口 阳光数码 财富大厦 青龙 随
西宫,西兴苑,4室                    133.00O,1250元/月,整租 | 西兴苑 兴华西街小学 好楼层 手出租 精装四室两厅两
义井,太化时代花园,3室                    138.83O,2100元/月,整租 | 实拍！和平南路 太化和平苑万柏林实验小学 精装三居双
义井,太化新光第八小区,2室                    63O,1000元/月,整租 | 新上，西峪东街，北堰市场，十六中，兰亭御湖城，太化新
真武路,小店二组综合楼,2室                    75O,1250元/月,整租 | 康宁街真武路   康宁大厦  万马士  小店二组综合
长风东街,碧桂园桃源里,3室                    129.77O,1666元/月,整租 | 长风东街长风高速口茂业附近桃源里整租三室两厅两卫全屋
晋阳街,恒大悦府,3室                    150.66O,5000元/月,整租 | 可月付实图实价可办公可配家具北美N1国金长治路中央空
民营经济园区,万科城市之光,3室                    111.40O,2350元/月,整租 | 月付！东太堡 长风街 城市之光 龙鼎花园 紫台 龙园
南中环,融创中心,2室                    86.24O,3600元/月,整租 | 可月付国金巨鑫国际长治路清控智创城北美N1奥斯卡太原
兴华街,集祥君悦,2室                    90.71O,1250元/月,整租 | 兴华街千峰北路 喜临门火锅 集祥君苑 两居室全家具
真武路,福海苑小区,3室                    120.00O,1499元/月,整租 | 美特好 坞城路 万马仕 消防队 和谐公园 新力惠康宁
西客站,阳光城并州府,2室                    90O,2000元/月,整租 | 阳光城并州府 科技大学西矿街安宁街 拎包南北两居 免
长风商务区,南屯北小区,2室                    91.48O,2000元/月,整租 | 长风西街万象城旁南屯小区两室两厅落地窗采光好家里干净
晋阳街,上林轩,2室                    87O,2300元/月,整租 | 上林轩 两居 晋阳街  88平 环境优美 灵活
小店周边,亲凤苑(南区),1室                    40O,999元/月,整租 | 特价租房 无中介可月付 体育西路 长风大卖场 亲凤苑
龙城大街,龙城天悦,2室                    90.88O,1700元/月,整租 | 龙城大街文旅大厦北美N1知网机场印象城龙城天悦富力尚
坞城,云特区,1室                    40O,1000元/月,整租 | 整租一居带空调 云特区 孵化基地 管委会 有钥匙 随
晋阳湖,MOMA当代广场,1室                    40O,899元/月,整租 | 万象城南中环观澜国际清控整租一室带空调朝南观景房可月
三给路,辰兴优山美郡(一二期),2室                    93O,1300元/月,整租 | 品质小区  优选好房
柳巷,景观新贵豪庭,3室                    100.00O,1800元/月,整租 | 可月付 五一路柳巷 进山 景观新贵 精装三室两卫 拎
晋祠路,上庄凤玺湾,1室                    54O,1400元/月,整租 | 千峰南路上庄凤玺湾远大凤玺湾长风观园整租一室民水民电
晋阳湖,太原绿地城,3室                    122.83O,2100元/月,整租 | 南中环  西中环  绿地城  三居室
双塔西街,山西日报宿舍,2室                    54.00O,1599元/月,整租 | 双塔东街 省人民医院 山西日报宿舍 两室一厅 拎包入
迎新街,红楼高层小区,1室                    60O,899元/月,整租 | 太钢总医院，太钢北门，北机务段。客都超市。迎新街小学
南中环,纳达大厦,3室                    200O,5833元/月,整租 | 办公好房不扰民晋阳街长治路 山西运管对面 纳达大厦
龙城大街,龙城天悦,3室                    112.06O,2000元/月,整租 | 出租龙城天悦三居室 家具家电齐全 拎包入住
东社,小米国际,2室                    79.42O,1000元/月,整租 | 紧邻普国装饰城的小米国际小区，精装修，可配家具家电，
南中环,大院小区,1室                    45O,1350元/月,整租 | 精装修，一室一厅南中环国金大厦，太榆路南站，北营万科
新建路,半坡西街10号楼,1室                    47O,1100元/月,整租 | 府西街大南门柳巷钟楼街地铁口新建路水西门4层精装一居
晋祠路,万水澜庭2号园,3室                    115.0O,2800元/月,整租 | 万水澜庭 金海马 理工大学 和平公园 大王小王 四十
西客站,阳光城并州府,3室                    114.15O,2100元/月,整租 | 业主自住 带空调 阳光城并州府 西中环 普国路 九州
长风商务区,晋阳峰Z,2室                    97.49O,1900元/月,整租 | 南中环长兴南街95平米两居室精装修家里干净整洁业主诚
南中环,中环壹号,1室                    40O,1000元/月,整租 | 精装修，南中环国金大厦，太榆路，南站，北营万科山西大
新建南路,工行宿舍(桃园北路),3室                    120O,3500元/月,整租 | 免费停车 紧邻桃园小学 水利厅幼儿园 启迪园 15中
西宫,西兴苑,3室                    99.00O,1250元/月,整租 | 月付！西中环 东社小学 西兴苑 晋机场西门 中车 贤
森林公园,龙湾写意,3室                    116.07O,1999元/月,整租 | 北中环，森林公园旁，龙湾写意，3居，中间层，采光好
长风商务区,远大凤玺湾(一期),3室                    142O,2500元/月,整租 | 可办公会所长风西街 千峰南路 远大凤玺湾142三居
长风,亲贤苑,3室                    130O,5000元/月,整租 | 北美茂业王府井 新领地 阳光银座 方大领地 高新区
千峰南路,长风观园一期,2室                    97.0O,1450元/月,整租 | 两室 千峰南路 长风西街 金螳螂 独特装饰 理工大长
迎泽西大街,海唐广场,1室                    38.66O,1499元/月,整租 | 有空调可拎包入住下元公元时代城居然之家创客大厦海唐广
晋阳湖,阳光汾河湾,4室                    172O,3200元/月,整租 | 实拍 ！好停车   南中环   汾河湾B区 精装办公
昌盛街,鸿洋小区,1室                    40.96O,1200元/月,整租 | 富士康鸿洋小区精装一居
体育馆,省四建宿舍体西,2室                    71.00O,1550元/月,整租 | 体育路菜园街 实验小学财富恒地体育馆第八医院旁 随时
人民路,阳光芳汀,1室                    60O,850元/月,整租 | 通达街 文化大厦 百姓渔村 阳光芳汀 整租一居 空调
郝庄,龙城新苑E区,2室                    88.5O,1200元/月,整租 | 可月付东中环朝阳街服装城双塔公园龙城新苑精装修拎包入
坞城,学府艺苑广场,2室                    62O,2200元/月,整租 | 付款灵活 学府街坞城路 紧缺两居 龙珠大厦山西大学山
长风西大街,长风世纪广场,2室                    50.25O,1500元/月,整租 | 可月付 有空调 长风世纪广场 阿里云 复式精装两居
真武路,旺景家园,1室                    50O,800元/月,整租 | 可月付！地铁口十七局医院旺景家园新星花园空调房独立厨
晋阳湖,国雅城二号院,2室                    75O,1350元/月,整租 | 急租南中环西街清控万年花城观澜国际万科金域蓝湾吴家堡
千峰南路,鸿峰花园(西区),1室                    45O,899元/月,整租 | 急租 财大 理工大 中海国际 能源中心 信达 可月付
滨河东路,长风小区,主卧(3室)                    50O,599元/月,合租 | 无中介 可月付 亲贤街 平阳景苑 和信商座 顶好时尚
亲贤,太航苑,主卧(3室)                    39O,599元/月,合租 | 无中介 可月付 亲贤街 茂业 民生国际 太航 双喜城
长风商务区,华润悦府,1室                    88O,3169元/月,整租 | 实图实价 华润悦府 两居 采光好 观景房 拎包入住
迎泽西大街,奥林匹克花园(北区),3室                    94.13O,1800元/月,整租 | 可月付！西客站 奥林北区 精装三居 拎包入住 南北通
北大街,胜利桥东区委宿舍,3室                    55.00O,1100元/月,整租 | 北大街，胜利街，滨河东路，胜利桥东，温馨3室，拎包入
许坦西街,坞城世纪花苑南区,3室                    150O,2500元/月,整租 | 南中环 体育路 科技街 高新区 国金坞城世纪花苑南区
柳巷,景观新贵豪庭,2室                    78.90O,1700元/月,整租 | 新上房源 五一路 进山中学 铜锣湾 柳巷 精装两居室
森林公园,滨河果岭,1室                    50.75O,833元/月,整租 | 滨河果岭，汾河观景房，精致一室
晋阳街,文锦世家,2室                    90O,2400元/月,整租 | 可月付晋阳街体育路北美n1文锦世家云水金棕榈上林轩富
迎泽西大街,海唐广场,1室                    60O,1500元/月,整租 | 急租可月付海唐广场居然之家奥林匹克公园时代金昌盛附近
坞城,恒大未来城,1室                    60O,999元/月,整租 | 白求恩医院文旅大厦万达广场龙城大街星河湾汾河祥云公园
漪汾,漪汾苑烟波居,2室                    60O,1499元/月,整租 | 一外，漪汾苑，永乐苑，烟波居。两居
下元,龙泽苑,1室                    45O,1199元/月,整租 | 急租 可月付  吾悦广场 理工大  公园时代城 精干
三墙路,二电厂宿舍(北大街),3室                    100O,1500元/月,整租 | 紧临万达 中 心医院 地铁口 精装三居有空调 未出租
柳巷,盘古一号,1室                    38.23O,1200元/月,整租 | 可月付 可短租 包物业费 精装朝南一居 全家具家电
真武路,海棠家园,3室                    113.67O,1750元/月,整租 | 三居带空调急租 海棠家园 有燃气随时看 富士康 康宁
下元,智诚御河骏景,1室                    45O,999元/月,整租 | 急租 可月付 可短租  公园时代城 小井峪 房东好说
双塔西街,中正悦湾,2室                    82.0O,1299元/月,整租 | 整租俩居 双塔西街 建设南路 省人民医院 建南汽车站
晋阳湖,圣湖万年花城,2室                    85O,1500元/月,整租 | 可月付万象城华润大厦格林花园清控南中环当代城晋阳湖领
北大街,胜利桥东区委宿舍,1室                    55.00O,700元/月,整租 | 北大街，滨河东路，美特好，胜利桥东，低楼层1室，简单
晋阳湖,国雅城二号院,3室                    115O,1800元/月,整租 | 新上可办公一百平空家万象城南中环吴家堡格林花园国雅城
服装城,双塔名邸,2室                    108O,2100元/月,整租 | 服装城朝阳街 双塔北路 双塔名邸 南北两居 家里干净
五一广场,中银欧尚,2室                    97O,2500元/月,整租 | 精装修 并州东西街 省人民医院中正天街 青年路铁一中
平阳,茂业天地,3室                    160O,6250元/月,整租 | 茂业小区一进门这栋楼 商业楼 亲贤北街 长治路 平阳
南中环,保利东郡,1室                    38.00O,2000元/月,整租 | 南中环 坞城路 保利东郡 光信国信 九一 随时看房
经济技术开发区,中泽纯境,1室                    45O,700元/月,整租 | 可月付马练营路百度太原学院金龙鱼比亚迪奇美家居
龙城大街,嘉节苑,2室                    106.00O,1750元/月,整租 | 新上好房 滨河东路 万达广场 拉菲香榭 八一小学 嘉
昌盛街,万豪幸福时光,2室                    85O,1416元/月,整租 | 急租通达街真武路  坤泽十里城  万豪幸福时光便宜电
小井峪,西华苑四期,1室                    69.5O,1150元/月,整租 | 可短租 迎泽西大街 西中环口 金阳路 西华苑四期 一
长治,新领地,2室                    105O,3500元/月,整租 | 有缘人  新领地价格可聊。
兴华,龙泉花园(万柏林),2室                    85O,1083元/月,整租 | 特价 西中环 南北精装两居 南中环 绿地城 神堂沟
北营,万科北营社区东区,2室                    88O,2100元/月,整租 | 北营社区2居 家里干净 拎包入住 家里干净 住户要干
千峰南路,长风观园一期,2室                    75.0O,1299元/月,整租 | 特价长风西街 千峰南路 长风观园 鑫美 西岸 花语堂
晋阳街,君怡小区,3室                    110O,2400元/月,整租 | 整租平阳路晋阳街君怡小区巨鑫国际天骄科技园清控博雅书
北大街,永济路小区,3室                    106O,2600元/月,整租 | 永济路小区 3室1厅1卫 南北通透 电梯房 精装修
长风,汇通苑,2室                    111O,1600元/月,整租 | 彩虹光年幼儿园，泰古城金禧大厦，富力金禧城
长风西大街,绿苑小区,1室                    40O,1050元/月,整租 | 急租可月付新晋祠路省展览馆长岛国际保利天悦金融学院三
长风商务区,南屯北小区,2室                    91.48O,2000元/月,整租 | 长风西街万象城旁南屯小区两室两厅落地窗采光好家里干净
和平南路,恒大雅苑,3室                    115.85O,2100元/月,整租 | 西中环 和平南路 恒大雅苑 3居2卫 电梯房 家里干
小店周边,华浩水木云天,2室                    80.0O,800元/月,整租 | 可月付百度基地汾东大街晶科能源太原学院旅游学院昆明烟
许坦东街,翰庭,3室                    138.00O,2800元/月,整租 | 肉联厂许东 新时代双语 常青藤 豪装三居美特好楼上可
晋阳街,北美金棕榈,2室                    88O,3000元/月,整租 | 新上！有空调 北美N1楼上 近晋阳街 文创 君威 宏
昌盛街,幸福家园,2室                    101.67O,1500元/月,整租 | 幸福家园密码锁 双空调 二室二厅 电梯房 南北通透
漪汾,后北屯中心花园,2室                    73.0O,1333元/月,整租 | 吾悦广场附近 价格便宜 心血管病医院有钥匙 随时看
新建南路,山西医科大学西校家属院,2室                    70O,1900元/月,整租 | 租 山大医院 医科大 康达时光里 新建南路 精装修
太榆路,龙城2017,2室                    75O,1000元/月,整租 | 可月付印象城太原南站武宿机场蓝海汽配城近地铁太榆路免
晋阳湖,国雅城二号院,2室                    90O,1888元/月,整租 | 南中环吴家堡 国雅城 小区一层 可办公 可住家 可配
大营盘,和润龙城苑,2室                    88O,2200元/月,整租 | 南内环 建设路 爱尔眼科 女子医院 和润龙城苑 纯南
西客站,西华苑西区北院,2室                    82.61O,1050元/月,整租 | 新上，迎泽西大街，西客站，海唐广场，西华苑步梯二层，
千峰南路,长风观园一期,2室                    88.0O,1350元/月,整租 | 特价 朝南 千峰南路 和平公园 长风观园 长风西街
西客站,德馨花园,2室                    90.00O,1200元/月,整租 | 西客站迎泽西大街德馨花园两室一厅，家具家拎包电齐全入
真武路,坤泽十里城,3室                    110.00O,1950元/月,整租 | 真武路通达街综改区文化大厦坤泽十里城精装齐全三居室拎
真武路,海棠家园,1室                    45O,800元/月,整租 | 可月付！富士康南一门孵化基地城南都市嘉园海棠家园独立
大营盘,和润龙城苑,3室                    130.00O,2300元/月,整租 | 南内环 建设路 爱尔眼科 女子医院 和润龙城苑 三部
许坦东街,金峰帝景,2室                    116.0O,1000元/月,整租 | 东润国际。金峰帝景，有钥匙，随时看房
柳巷,盘古一号,1室                    40O,1300元/月,整租 | 可月付 包物业费 紧邻地铁口 全家具家电 精装一居
桃南,桃南电镀厂宿舍,3室                    90.35O,1800元/月,整租 | 付款灵活 拎包入住 桃南跟前 南北通透 康乐街 中间
南寨,靖烨天朗美域,3室                    90.24O,1350元/月,整租 | 新兰路，不锈钢园区。兴安厂。新华厂，尖草坪第五中学
晋阳街,文锦世家,2室                    94.02O,2000元/月,整租 | 可月付短租晋阳街体育路北美n1实验中学文锦世家云水上
平阳,平阳景苑,3室                    128O,3200元/月,整租 | 新上 可办公 可宿舍 长风街 平阳路 精装三居 随时
服装城,龙鼎花园福民苑,1室                    50O,1100元/月,整租 | 可短租可月付 长风街山西职业技术学院东中环附近龙鼎花
长风西大街,万国城MOMA,2室                    140O,5000元/月,整租 | 长风西街 万国城MoMA物业租售 140平2居 可议
东社,小米国际,1室                    56.00O,1100元/月,整租 | 小米国际 紧邻科大 南社小学 精装一居室 拎包入住
并州南路,山西新华印刷厂职工宿舍,1室                    82O,1399元/月,整租 | 并州南路亲贤街鑫上海滩二十七中山煤旁 山印宿舍 单位
晋阳街,和泰花园,1室                    80O,1400元/月,整租 | 太原南站印象城保利茉莉公馆晋瑞苑光信晋阳嘉园金色丽城
五一路,山大二院宿舍(精营东二道...,3室                    88O,1600元/月,整租 | 山大二院宿舍(精营东二道街) 3室2厅1卫 南北通透
府东府西,绿景未来城,3室                    156.99O,3000元/月,整租 | 精装大三居 成熟大盘 紧邻府东街多彩城 适合办公 住
西客站,融恩星光荟,1室                    50O,1300元/月,整租 | 西矿街南寒圣都西客站西华苑山西医科大学玉门花园中海国
许坦东街,锦东如意城,3室                    101.52O,2200元/月,整租 | 许坦东街肉联厂 抱鼓巷 锦东国际 太原南站 常青藤
晋阳湖,圣湖万年花城,2室                    92O,1999元/月,整租 | 万象城亚特兰蒂斯南中环附近精装修拎包入住付款灵活
体育西路,中正亲贤们,1室                    42.11O,1800元/月,整租 | 亲贤街长治路口 中正亲贤们朝南一居室 拎包入住 茂业
义井,兰亭荟,1室                    30.12O,999元/月,整租 | 实拍急租短租可月付 华润大厦万象城 市妇幼义井兰亭御
漪汾,中心花园二小区,3室                    116O,2200元/月,整租 | 漪汾街吾悦广场心脑血管医院 大三局
晋阳街,文锦世家,2室                    80O,1800元/月,整租 | 可月付晋阳街体育路北美n1奥斯卡实验三中云水文锦世家
服装城,东旭世纪城,次卧(3室)                    30O,450元/月,合租 | 服装城迎泽区同至人火车站郝庄镇单间出租无中介费可月付
晋阳街,上林轩,2室                    87O,2300元/月,整租 | 上林轩 两居 晋阳街  88平 环境优美 灵活
长风商务区,南屯北小区,2室                    91.48O,2000元/月,整租 | 长风西街万象城旁南屯小区两室两厅落地窗采光好家里干净
漪汾,中心花园二小区,2室                    90O,1800元/月,整租 | 漪汾街 吾悦广场 心脑血管医院 理工大
解放路,太原市烟草公司职工宿舍,2室                    63.00O,1500元/月,整租 | 海边街小学 精装南北两居 全家具家电 有空调 拎包入
经济技术开发区,城南逸居住宅小区,3室                    136.00O,2500元/月,整租 | 出租 小店综改区 真武路彩虹街 3万含车位 拎包入住
长治,奥林花园,2室                    90O,2100元/月,整租 | 急租 双卫 北美地铁口 长治路王府井旁 奥林花园 拎
南中环,北张住宅小区,3室                    110O,2100元/月,整租 | 南中环！可住家 办公 160平 三卧朝南 停车方便
坞城,云特区,2室                    80.00O,1300元/月,整租 | 两居带空调 孵化基地 智创城 云特区 齐全 看房方便
龙城大街,龙城苑,3室                    135.00O,1499元/月,整租 | 齐全三居双卫 龙城苑 新五中 机场南站 龙城大街 停
真武路,恒大绿洲东区,3室                    169.05O,3333元/月,整租 | 恒大绿洲大三居楼下人工湖 全天采光
王村南街,大华南宿舍,2室                    73.09O,1700元/月,整租 | 长治路南内环地铁口 金茂财富王府井茂业可短租旁 随时
北大街,北城区卫生局宿舍,2室                    45.44O,1199元/月,整租 | 可月付 万达商圈北大街小学对面包子大王旁卫生局宿舍精
迎泽西大街,文兴苑(万柏林),2室                    85O,1800元/月,整租 | 急租急租，家电齐全，真实可靠，前北屯，文兴苑理工大学
体育路,省二建小区(坞城北街),2室                    60O,2000元/月,整租 | 新上！3层 可做午休班 近八一九一 省府街 三十八中
五龙口,东晟龙城苑,2室                    90O,1299元/月,整租 | 可月付 府东街建设路多彩城东中环火车站铜锣湾大东关海
富士康,丁香园,2室                    98.77O,1500元/月,整租 | 可月付！坞城路富士康北门丁香园城南逸居恒大精装两室拎
三给路,营村小区,2室                    96O,833元/月,整租 | 营村小区 5层 有家电 省人民医院 奥特莱斯 和平北
千峰南路,公园伍号,1室                    65O,850元/月,整租 | 急租 可月付 千峰路 和平公园 公园伍号 鑫美天地华
平阳,保利香槟国际,3室                    119.24O,2400元/月,整租 | 保利香槟国际 南北通透 电梯房 龙城公园旁长治路地铁
经济技术开发区,城南逸居住宅小区,1室                    50O,899元/月,整租 | 实拍 可月付 可短租富士康北电子街地铁城南逸居朝阳主
二营盘,明泰水溪庭院,3室                    131O,2600元/月,整租 | 并州南路二营盘建南三十八中附近 水溪庭院 三居 拎包
长风西大街,万国城MOMA,4室                    310O,10833元/月,整租 | 长风西街 万国城MOMA物业租售 310平简装4室
南中环,国际大都会,2室                    65.36O,1650元/月,整租 | 物业费一年450 南中环街2层 大都会两居室 北张住
通达街,晋阳学堂小区,1室                    40O,500元/月,整租 | 可月付富士康和谐公园智创城云特区创业大楼中航锦恒
郝庄,小商品公寓楼,1室                    55O,1000元/月,整租 | 服装城朝阳街 郝庄正街 小商品楼上一居 朝南户型 家
富士康,富世康园,2室                    95O,1600元/月,整租 | 可月付可短租富士康康宁大厦万马仕百亩汇南黑窑南畔财大
昌盛街,阳光揽胜,2室                    81.14O,1500元/月,整租 | 实拍可短租月付阳光揽胜疾控中心晶科能源中心医院地铁口
民营经济园区,龙城新苑D区,2室                    83.0O,1200元/月,整租 | 短租月付 双塔公园 红星天铂 三十七中 王家峰 朝阳
晋阳湖,圣湖观澜国际,1室                    47.50O,1300元/月,整租 | 新上！万象城南中环万年花城当代广场附近整租一居客卧分
晋阳街,君怡小区,2室                    70.00O,2300元/月,整租 | 晋阳街平阳路 中铁17局 君怡小区 精装两居室
解放路,太原市烟草公司职工宿舍,2室                    74.0O,1500元/月,整租 | 五育新建路府西街山大一院大南门柳巷钟楼街地铁口南北两
长风东街,国奥城,2室                    98O,1000元/月,整租 | 简装两居 南内环 东峰路 国奥城 拎包入住 价格便宜
西宫,东N苑南区,2室                    80O,1100元/月,整租 | 整租  东社  兴华西街东N苑小区  2室1厅
北营,怡海花苑,1室                    45O,900元/月,整租 | 急租可月付怡海花苑太原南站印象城肉联厂旅游职业学院金
长风商务区,保利海德公园,3室                    108.76O,2400元/月,整租 | 业主自住手租千峰南路南内环邻和平公园行政学院华夏广场
平阳,保利香槟国际,3室                    115.60O,3500元/月,整租 | 好房出租 地铁口 付款灵活 三居双卫 保利香槟国际
昌盛街,鸿洋小区,2室                    84O,1750元/月,整租 | 私聊要底价 鸿洋小区 南北两居室 季度付 孵化基地
长风商务区,南屯北小区,2室                    91.48O,2000元/月,整租 | 长风西街万象城旁南屯小区两室两厅落地窗采光好家里干净
漪汾,新城吾悦首府,2室                    119.16O,2700元/月,整租 | 吾悦广场 和平北路理工大旁 吾悦首府精装两居拎包入住
晋阳街,上林轩,2室                    87O,2300元/月,整租 | 上林轩 两居 晋阳街  88平 环境优美 灵活
和平南路,和平花园,1室                    55O,1199元/月,整租 | 急租 可月付 和平公园 市妇幼 漫香堤 公园伍号 大
敦化坊,馨春龙城苑B区,3室                    97O,1600元/月,整租 | 肿瘤医院对面，馨春龙城苑B区，精装修三居，拎包入住，
义井,兰亭荟,1室                    37.75O,1099元/月,整租 | 万象城适合小姐姐独居一室为民服务中心小区环境好家具家
桃北,省农业厅宿舍,3室                    87.19O,2500元/月,整租 | 新建路桃园北路桃园三四巷桃园小学十五中水利厅精装3居
长风东街,碧桂园桃源里,3室                    111.27O,1600元/月,整租 | 精装修 拎包入住  三居 停车方便 长风街 恒大山水
郝庄,黑土巷东1区,2室                    60.02O,1100元/月,整租 | 全新家具家电 无物业费停车费 黑土巷 五龙口服装城建
北大街,千渡东山晴,3室                    104O,1400元/月,整租 | 凯旋街 东峰路 肿瘤医院 长江美术馆 三居室出租 拎
动物园,享堂新村,2室                    74O,750元/月,整租 | 北中环 建设路 享堂新村 动物园 拎包入住 两室一厅
迎泽西大街,奥林匹克花园(北区),1室                    70O,999元/月,整租 | 直租无中介 可月付 海唐广场 创客大厦 迎泽西大街
坞城,恒大未来城,1室                    60O,1150元/月,整租 | 可月付带空调可短租万达广场星河湾龙城大街
坞城,西吴苑,1室                    35O,800元/月,整租 | 可月付 晋阳街 财经大学 西吴苑 金谷仓 北美N1
胜利街,明泰胜景天地,1室                    50.00O,1300元/月,整租 | 付款灵活 万达附近 地铁附近 北方广场 胜利街 解放
五一广场,中银欧尚,1室                    40O,899元/月,整租 | 省中医院省医院省艺校中正天街近太原火车站可月付
东社,小米国际,2室                    79.42O,1200元/月,整租 | 年租 普国路汽配城 南社  科大 小米国际两室 拎包
三给路,辰兴优山美郡(三期),2室                    95O,1300元/月,整租 | 品质小区  优选好房
人民路,浦东雅典(南区),1室                    49.47O,1150元/月,整租 | 抢租 通达街地铁口 整租一室一厅拎包入住 带空调
滨河西路,丽园小区,3室                    132.47O,2500元/月,整租 | 可月付 长风商务区 汾河畔 焦煤集团 丽园 精装三居
学府街,学府逸居,3室                    96.00O,1888元/月,整租 | 月付！山大考研合租 太榆路 许坦东街 学府逸居 51
滨河东路,绿地新里城,3室                    130O,2999元/月,整租 | 星河湾绿地新里城平阳南路龙城万达嘉节地铁口保利香槟国
大营盘,和润龙城苑,3室                    118O,2222元/月,整租 | 南内环昆仑御华邦国际中正锦城建南火车站爱尔眼科附近和
昌盛街,幸福家园,2室                    85.0O,1416元/月,整租 | 幸福家园 新三中 二层 南北通透 正阳街真武路 幸福
滨河西路,中海寰宇天下,1室                    50.55O,2300元/月,整租 | 急租 整租一居室 迎泽大街晋祠路 中海寰宇天下 中海
南中环,国际大都会,3室                    160O,3000元/月,整租 | 业主自住 南中环体育路口 国际大都会高层三居室 大昌
五一广场,中银欧尚,1室                    50O,800元/月,整租 | 可月付带空调整租一居 中正天街省艺校 金圣甲第 中医
和平南路,纺织苑,1室                    52.75O,1400元/月,整租 | 纺织苑 尔湾医院 1室1厅1卫 电梯房 52平 精装
晋阳街,云水世纪明珠,1室                    49.83O,1850元/月,整租 | 可短租 云水世纪明珠一居室整租实拍  晋阳街体育路
万达,山大二院宿舍(新民东街),2室                    80O,1500元/月,整租 | 山大二院现房 家里简单装修 新民东街
漪汾,漪鑫雅园,2室                    108.25O,1500元/月,整租 | 精装两居 漪汾街 吾悦广场 漪鑫雅园 大唐惠泽园 1
长风商务区,华润玺,1室                    80O,2500元/月,整租 | 可办公 复式 华润大厦 万象城 化建大厦 为民服务
迎泽西大街,龙腾小区,2室                    79O,1099元/月,整租 | 下元附近 前进路龙腾小区78平米两居中间层月租109
亲贤,永丰公寓,1室                    50O,1200元/月,"整租 | 带空调可月付亲贤街王府井茂业附近100米
看房方便拎"
滨河西路,蓝水假日,1室                    49.44O,1200元/月,整租 | 后北屯 蓝水假日一室一厅拎包 付款灵活 吾悦广场 理
长治,阳光银座,2室                    60.52O,2000元/月,整租 | 八一街长治路天美北美新天地文华苑四十八中亲贤摩登居然
平阳,山西省交通监理公司宿舍,3室                    73.0O,2100元/月,整租 | 新上精装南北三居室 平阳路王村南街无物业费免费停车看
人民路,通达国际,2室                    115.0O,1400元/月,整租 | 通达街地铁口 通达国际大两居室便宜出租
长风商务区,南屯北小区,2室                    91.48O,2000元/月,整租 | 长风西街万象城旁南屯小区两室两厅落地窗采光好家里干净
大营盘,昆仑御三期(商住楼),1室                    50O,1800元/月,整租 | 可短租可月付南内环财富大厦山西体育场王府井茂业第八医
三墙路,典膳所22号院,2室                    70O,2100元/月,整租 | 典膳所22号院 2室1厅1卫 南北通透 70平 精装
东社,赞城YOHOTOWN,2室                    89.68O,1400元/月,整租 | 付款灵活 赞城 万柏林五中 第三实验小学 华诺 随时
北营,太原万科城,1室                    45O,1999元/月,整租 | 太榆路万科城整租公寓拎包入住随时看房许西v盟荟
柳巷,裕民龙城苑(东区),2室                    75O,2500元/月,整租 | 青年路精装两居室 五中五育 家具家电齐全 拎包入住
小店周边,金东中环城,2室                    86.0O,1450元/月,整租 | 急租金东中环城太原南站印象城育杰小学肉联厂
下元,智诚御河骏景,2室                    97.46O,1500元/月,整租 | 公元时代城 下元商圈智诚御河骏景C区全家具家电精装两
二营盘,合生御龙城,2室                    125O,2800元/月,整租 | 可月付茂业王府井财富大厦体育场合生御龙城碧桂园玖玺台
许坦东街,富力金禧城,2室                    145.48O,1999元/月,整租 | 万科紫台长风东街太原南站机场印象城山西大学龙珠大厦整
亲贤,水总宿舍,3室                    100.00O,1800元/月,整租 | 无物业费 可停车三居 亲贤街王府井 水总小区南北通透
晋阳街,恒大悦府,4室                    176.96O,8500元/月,整租 | 恒大悦府精装新房带新家具办公带两车位看房方便晋阳街核
西客站,融恩星光荟,1室                    34.42O,900元/月,整租 | 西客站 融恩星光荟 精装一居室 家具家电齐全带空调
晋阳湖,太行悦泉苑,2室                    84.22O,1850元/月,整租 | 万象城 朝南两居 拎包入住 付款灵活 随时看房 电器
北营,金色丽城,2室                    85O,1600元/月,整租 | 保利茉莉公馆 印象城 太原南站 太榆路 金色丽城 随
长治,保利金香槟,3室                    104.69O,2400元/月,整租 | 保利金香槟 3室2厅 南北通透 电梯房 长治路龙城公
经济技术开发区,城南逸居住宅小区,3室                    110O,1899元/月,整租 | 地铁房 老板喜欢恒大绿洲 手次出租简约时尚采光好美女
府东府西,望府,2室                    85.43O,1500元/月,整租 | 府东街多彩城 望府 2室1厅1卫 电梯房 精装修 拎
民营经济园区,领秀长风天秀园,2室                    99.00O,1800元/月,整租 | 长风东街 天秀园 朝阳2室 电梯房带空调 邻紫台10
长风商务区,太化蓝月湾,1室                    40O,1000元/月,整租 | 急租可月付万象城南屯苑格林花园吴家堡紫竹园华润大厦蓝
西宫,兴汾苑小区,3室                    103O,1250元/月,整租 | 兴汾苑  东社  兴华西街 六十一中 精装修两居室
巨轮,胜利西街工具厂宿舍,3室                    123.0O,1500元/月,整租 | 北大街 有空调 急租 万达广场 大北门地铁站
新建南路,晋剧院生活小区,2室                    47.00O,1100元/月,整租 | 晋剧院生活小区 2室1厅1卫 47平
文庙,上马街小区,2室                    57.99O,1200元/月,整租 | 低楼层 空家 紧邻五一广场 钟楼街 铜锣湾夜市 府东
体育路,省工业设备安装公司第一分...,2室                    60.00O,1400元/月,整租 | 月付 四十八中 第四实验小学 随时看房 拎包入住 费
千峰南路,来福花园,1室                    70.02O,1400元/月,整租 | 南内环千峰南路 和平公园旁来福花园 整租一居 家具家
西矿街,广兴巅峰国际,1室                    55O,1250元/月,整租 | 急租可月付国际公园时代城金昌盛西中环居然之家奥林匹克
富士康,丁香园,2室                    71.3O,1200元/月,整租 | 实拍可月付可短租电子街恒大绿洲百亩会万马仕美都汇富士
千峰南路,来福花园,2室                    92.41O,1900元/月,整租 | 南内环千峰南路 来福花园精装2居 出租 家具家电齐全
许坦东街,富力金禧城,2室                    90.75O,2100元/月,整租 | 东中环长风东街电梯精装两居室钥匙在手随时可看拎包住宽
二营盘,广建家园小区,2室                    77.41O,2300元/月,整租 | 随时看房广建家园两室一厅中正锦城水溪庭院鼎太风华全屋
长风西大街,和风雅居,1室                    50O,1300元/月,整租 | 急租可月付和平公园地矿小区沙沟小区现代双语小学漫香堤
和平北路,后北屯中奥小区,2室                    75.0O,1250元/月,整租 | 漪汾街 吾悦广场 玉门河公园 下元
晋阳湖,太原绿地城,3室                    114.08O,1999元/月,整租 | 实拍可月付绿地精装房华润大厦万象城晋阳湖实验小学双语
杨家峪,五龙湾府东天地,3室                    123.99O,1800元/月,整租 | 经园路 府东街 府东天地 三居 拎包住 配套全 电梯
经济技术开发区,恒大金碧天下,2室                    93O,1500元/月,整租 | 恒大金碧天下二期两室一厅带空调出租精装修拎包入住
